{"data":{"1992.0":-16.83,"1993.0":-16.7594117647,"1994.0":-13.1564705882,"1995.0":-9.64875,"1996.0":-6.2860606061,"1997.0":-4.5193939394,"1998.0":-4.98,"1999.0":-3.3042424242,"2000.0":-1.0535294118,"2001.0":3.9588888889,"2002.0":7.494047619,"2003.0":11.56375,"2004.0":12.5081818182,"2005.0":15.9406097561,"2006.0":18.08,"2007.0":18.1624324324,"2008.0":21.9802702703,"2009.0":25.8184057971,"2010.0":27.1578378378,"2011.0":25.5253424658,"2012.0":36.4760606061,"2013.0":37.3306122449,"2014.0":41.0794444444,"2015.0":49.8667567568,"2016.0":53.8753061224,"2017.0":53.2507843137,"2018.0":57.6472972973,"2019.0":63.8391891892,"2020.0":66.5916666667,"2021.0":71.7932432432,"2022.0":68.2523913043}}